;CWE;Description;CVE;Vulnerable;Vulnerable;Fixed;Fixed
;;;;Hints to the target CWE;Hints to other vulnerabilities;Hints to the target CWE;Hints to other vulnerabilities
Case 1:;CWE-22;Improper Limitation of a Pathname to a Restricted Directory;CVE-2007-5461;No;No;No;Yes
Case 2:;CWE-79;Improper Neutralization of Input During Web Page Generation;CVE-2010-4172;No;No;No;No
Case 3:;CWE-79;Improper Neutralization of Input During Web Page Generation;CVE-2013-4378;Yes;Yes;Yes;Yes
Case 4:;CWE-310;Cryptographic Issues;CVE-2014-0035;No;No;No;No
Case 5:;CWE-22;Improper Limitation of a Pathname to a Restricted Directory;CVE-2014-2059;No;No;No;Yes
Case 6:;CWE-287;Improper Authentication;CVE-2014-2066;Yes;No;No;No
Case 7:;CWE-264;Permissions Privileges and Access Controls;CVE-2014-2068;No;No;No;Yes
Case 8:;CWE-284;Improper Access Control;CVE-2016-0768;No;No;Yes;Yes
Case 9:;CWE-200;Exposure of Sensitive Information to an Unauthorized Actor;CVE-2016-8747;Yes;No;No;No
Case 10:;CWE-20;Improper Input Validation ;CVE-2017-12197;Yes;Yes;No;Yes
Case 11:;CWE-835;Loop with Unreachable Exit Condition ('Infinite Loop');CVE-2017-2670;No;No;No;No
Case 12:;CWE-835;Loop with Unreachable Exit Condition ('Infinite Loop');CVE-2018-1324;No;No;No;Yes
Case 13:;CWE-835;Loop with Unreachable Exit Condition ('Infinite Loop');CVE-2018-17202;No;No;No;No
Case 14:;CWE-835;Loop with Unreachable Exit Condition ('Infinite Loop');CVE-2018-1999044;No;Yes;No;Yes
Case 15:;CWE-611;Improper Restriction of XML External Entity Reference;CVE-2018-20157;Yes;Yes;No;No
Case 16:;CWE-22;Improper Limitation of a Pathname to a Restricted Directory ('Path Traversal');CVE-2019-0225;Yes;No;No;Yes
Case 17:;CWE-74;Improper Neutralization of Special Elements in Output Used by a Downstream Component ('Injection');CVE-2019-17513;No;No;No;No
Case 18:;CWE-20;Improper Input Validation;CVE-2020-1695;Yes;No;Yes;No
Case 19:;CWE-532;Insertion of Sensitive Information into Log File;CVE-2020-1698;No;No;No;Yes
Case 20:;CWE-79;Improper Neutralization of Input During Web Page Generation ('Cross-site Scripting');CVE-2020-4070;No;No;No;Yes
Case 21:;CWE-22;Improper Limitation of a Pathname to a Restricted Directory ('Path Traversal');CVE-2020-21522;No;No;No;No
Case 22:;CWE-264;Permissions Privileges and Access Controls;CVE-2011-1582;No;No;No;No
Case 23:;CWE-611;Improper Restriction of XML External Entity Reference;CVE-2016-7051;No;No;No;No
Case 24:;CWE-20;Improper Input Validation;CVE-2017-12795;Yes;Yes;No;No
Case 25:;CWE-287;Improper Authentication;CVE-2017-8028;Yes;Yes;Yes;Yes
Case 26:;CWE-611;Improper Restriction of XML External Entity Reference;CVE-2018-1000008;No;Yes;No;No
Case 27:;CWE-918;Server-Side Request Forgery (SSRF);CVE-2018-1000067;No;No;No;No
Case 28:;CWE-835;Loop with Unreachable Exit Condition ('Infinite Loop');CVE-2018-11771;No;No;No;Yes
Case 29:;CWE-611;Improper Restriction of XML External Entity Reference;CVE-2018-15531;Yes;Yes;No;No
Case 30:;CWE-20;Improper Input Validation;CVE-2019-1010245;Yes;No;No;No
Case 31:;CWE-787;Out-of-bounds Write;CVE-2019-11772;No;No;No;No
Case 32:;CWE-502;Deserialization of Untrusted Data;CVE-2017-1000355;No;No;No;No
Case 33:;CWE-918;Server-Side Request Forgery (SSRF);CVE-2018-1000054;No;Yes;No;Yes
Case 34:;CWE-200;Exposure of Sensitive Information to an Unauthorized Actor;CVE-2018-1000068;No;No;No;No
Case 35:;CWE-362;Concurrent Execution using Shared Resource with Improper Synchronization ('Race Condition');CVE-2018-12691;No;No;No;No
Case 36:;CWE-295;Improper Certificate Validation;CVE-2018-1320;No;No;No;No
Case 37:;CWE-287;Improper Authentication;CVE-2018-18389;No;No;No;No
Case 38:;CWE-835;Loop with Unreachable Exit Condition ('Infinite Loop');CVE-2019-12402;No;No;No;Yes
Case 39:;CWE-352;Cross-Site Request Forgery (CSRF);CVE-2020-12480;No;No;No;No
Case 40:;CWE-20;Improper Input Validation;CVE-2014-0086;No;No;No;No
Case 41:;CWE-20;Improper Input Validation;CVE-2015-0899;No;No;Yes;No
Case 42:;CWE-862;Missing Authorization;CVE-2017-1000388;No;Yes;Yes;Yes
Case 43:;CWE-532;Insertion of Sensitive Information into Log File;CVE-2018-1000089;No;Yes;No;Yes
Case 44:;CWE-601;URL Redirection to Untrusted Site ('Open Redirect');CVE-2018-11784;No;No;Yes;No 
Case 45:;CWE-20;Improper Input Validation;CVE-2018-8030;No;No;No;No
Case 46:;CWE-352;Cross-Site Request Forgery (CSRF);CVE-2018-8718;No;No;No;No
Case 47:;CWE-287;Improper Authentication;CVE-2019-3775;Yes;Yes;No;No
Case 48:;CWE-918;Server-Side Request Forgery (SSRF);CVE-2019-19999;No;No;No;No
Case 49:;CWE-755;Improper Handling of Exceptional Conditions;CVE-2019-3559;No;No;No;No
Case 50:;CWE-287;Improper Authentication;CVE-2015-1772;Yes;Yes;Yes;Yes